{"emulators":{"dataconnect":{"dataDir":"dataconnect/.dataconnect/pgliteData","port":9399},"ui":{"enabled":true},"singleProjectMode":true},"dataconnect":{"source":"dataconnect"},"firestore":{"rules":"firestore.rules","indexes":"firestore.indexes.json"},"functions":[{"source":"functions","codebase":"default","ignore":["node_modules",".git","firebase-debug.log","firebase-debug.*.log","*.local"],"predeploy":["npm --prefix \"$RESOURCE_DIR\" run lint"]}],"storage":{"rules":"storage.rules"},"database":{"rules":"database.rules.json"},"flutter":{"platforms":{"android":{"default":{"projectId":"smartbin-1818","appId":"1:522219468655:android:e3dae028329e1051c01a9a","fileOutput":"android/app/google-services.json"}},"dart":{"lib/firebase_options.dart":{"projectId":"smartbin-1818","configurations":{"android":"1:522219468655:android:e3dae028329e1051c01a9a","ios":"1:522219468655:ios:5bf4d9d12ab0e834c01a9a","macos":"1:522219468655:ios:5bf4d9d12ab0e834c01a9a","web":"1:522219468655:web:c6a23e29ea9e174ec01a9a","windows":"1:522219468655:web:82c6081d83227d4ec01a9a"}}}}}}